Date,Year,Month,NAA_Flow_cfs,NAA_Pref_Velocity_Depth_TotlArea_Sq_ft,NAA_Pref_Velocity_Depth_TotArea_Acres
9/30/1934 0:00,1934,9,4227.8947645054,2877580.82468487,66
5/31/1977 0:00,1977,5,4279.735068546,2745293.89329139,63
10/31/1934 0:00,1934,10,4492.788496467,2727076.15258792,63
9/30/1931 0:00,1931,9,4713.7435963625,2670757.09170419,61
10/31/1990 0:00,1990,10,4803.8615147293,2482898.31788272,57
8/31/1934 0:00,1934,8,4915.9328162321,2523593.30689896,58
10/31/1932 0:00,1932,10,5069.7679793243,2332393.64578576,54
11/30/1991 0:00,1991,11,5195.2281455265,2430604.05554675,56
5/31/1924 0:00,1924,5,5197.7153444715,2395555.91115546,55
10/31/1933 0:00,1933,10,5216.8071040257,2294181.96821088,53
11/30/1990 0:00,1990,11,5220.6662146696,2332393.64578576,54
9/30/1929 0:00,1929,9,5245.3896981987,2294181.96821088,53
9/30/1924 0:00,1924,9,5250.3666028065,2297389.63648973,53
11/30/1932 0:00,1932,11,5264.5659241889,2602381.85743309,60
10/31/1931 0:00,1931,10,5270.5917035729,2294181.96821088,53
11/30/1933 0:00,1933,11,5275.0877320114,2294181.96821088,53
10/31/1991 0:00,1991,10,5362.3528842805,2215396.94228786,51
9/30/1933 0:00,1933,9,5367.4689708151,2215396.94228786,51
11/30/1992 0:00,1992,11,5374.8886190038,2289689.83153585,53
10/31/1988 0:00,1988,10,5374.986153961,2297389.63648973,53
5/31/1931 0:00,1931,5,5393.3200574741,2395555.91115546,55
11/30/1931 0:00,1931,11,5453.5380797174,2392392.37797187,55
10/31/1929 0:00,1929,10,5457.2509081409,2297389.63648973,53
10/31/1977 0:00,1977,10,5491.6563526324,2139868.9605282,49
10/31/1994 0:00,1994,10,5582.8373867934,2395600.04625072,55
10/31/1992 0:00,1992,10,5590.6652878682,2207697.13733398,51
11/30/1929 0:00,1929,11,5605.11328125,2313607.35204885,53
8/31/1931 0:00,1931,8,5733.7415219447,2395600.04625072,55
11/30/1977 0:00,1977,11,5775.6293976413,2238079.37028919,51
8/31/1929 0:00,1929,8,5869.5497580364,2305907.54709498,53
1/31/1991 0:00,1991,1,5879.8525079618,2305907.54709498,53
10/31/1924 0:00,1924,10,5923.6431970293,2409241.35593948,55
6/30/1924 0:00,1924,6,5939.6835813097,2242413.02840294,51
5/31/1990 0:00,1990,5,6020.4189919636,2246701.68689877,52
8/31/1955 0:00,1955,8,6022.8682884654,2322756.52506259,53
12/31/1990 0:00,1990,12,6027.3299506121,2412449.02421833,55
9/30/1977 0:00,1977,9,6072.0435845442,2092912.70215901,48
9/30/1976 0:00,1976,9,6073.7499253583,2092912.70215901,48
9/30/1991 0:00,1991,9,6076.4608006569,1998990.95089385,46
5/31/1991 0:00,1991,5,6142.0519257564,2327090.18317634,53
6/30/1990 0:00,1990,6,6144.2876069865,2331378.84167217,54
9/30/1988 0:00,1988,9,6207.9025365745,2097201.36065484,48
3/31/1988 0:00,1988,3,6224.0850324692,2254928.3482568,52
10/31/1930 0:00,1930,10,6241.1277119825,2429044.38683201,56
6/30/1931 0:00,1931,6,6260.5340428444,2097201.36065484,48
11/30/1930 0:00,1930,11,6272.8021963326,2425836.71855316,56
8/31/1944 0:00,1944,8,6279.9205656598,2259262.00637055,52
8/31/1976 0:00,1976,8,6315.0572875199,2097201.36065484,48
8/31/1988 0:00,1988,8,6332.3342207405,2097201.36065484,48
7/31/1934 0:00,1934,7,6336.3940678493,2339351.88767627,54
10/31/1926 0:00,1926,10,6368.7302572651,2347051.69263014,54
8/31/1932 0:00,1932,8,6479.6565672273,2339351.88767627,54
12/31/1991 0:00,1991,12,6512.6834289162,2109761.68012663,48
6/30/1977 0:00,1977,6,6515.4403426055,2117602.91359534,49
4/30/1924 0:00,1924,4,6523.5280963874,2134451.89156296,49
10/31/1925 0:00,1925,10,6593.1574846985,2271523.71087048,52
9/30/1990 0:00,1990,9,6608.3104908937,2134451.89156296,49
11/30/1924 0:00,1924,11,6639.3226326135,2126357.0427403,49
8/31/1977 0:00,1977,8,6654.7610967357,2134451.89156296,49
10/31/1964 0:00,1964,10,6663.167405827,2271523.71087048,52
10/31/1944 0:00,1944,10,6676.4380971338,2271523.71087048,52
11/30/1987 0:00,1987,11,6683.9968215068,2271523.71087048,52
12/31/1989 0:00,1989,12,6689.604989799,2275857.36898423,52
11/30/1994 0:00,1994,11,6694.8570144556,2275857.36898423,52
8/31/1964 0:00,1964,8,6700.6732496517,2280146.02748005,52
10/31/1949 0:00,1949,10,6739.8700736465,2271523.71087048,52
6/30/1994 0:00,1994,6,6758.2871124851,2125683.32032697,49
12/31/1930 0:00,1930,12,6785.2187593302,2296634.17222679,53
6/30/1976 0:00,1976,6,6789.3131282345,2134451.89156296,49
8/31/1987 0:00,1987,8,6813.6634435957,2151047.25417663,49
11/30/1989 0:00,1989,11,6833.7254304339,2300967.83034054,53
9/30/1964 0:00,1964,9,6871.9759031648,2130645.70123613,49
5/31/1944 0:00,1944,5,6891.3922546776,2130645.70123613,49
11/30/1936 0:00,1936,11,6940.7179538217,2296634.17222679,53
10/31/1987 0:00,1987,10,6981.6296526672,2130645.70123613,49
5/31/1933 0:00,1933,5,6984.5770644656,2155756.16259245,49
9/30/1932 0:00,1932,9,7003.7666077827,2114472.58382255,49
3/31/1931 0:00,1931,3,7040.001474174,2156009.6350858,49
9/30/1987 0:00,1987,9,7047.3720329916,2081723.28052679,48
11/30/1939 0:00,1939,11,7063.2964613605,2156009.6350858,49
10/31/2002 0:00,2002,10,7075.8561778463,2155756.16259245,49
9/30/1947 0:00,1947,9,7080.5205637938,2181120.09644211,50
7/31/1924 0:00,1924,7,7082.2247120074,2154290.25157146,49
12/31/1959 0:00,1959,12,7115.8137440287,2151467.50409662,49
9/30/1937 0:00,1937,9,7119.4742206161,2155756.16259245,49
10/31/1937 0:00,1937,10,7119.5702565187,2151467.50409662,49
10/31/1960 0:00,1960,10,7127.6501511495,2151467.50409662,49
5/31/1934 0:00,1934,5,7142.320007713,2052326.53626806,47
11/30/1935 0:00,1935,11,7142.6240545382,2046644.40701676,47
10/31/1939 0:00,1939,10,7144.1473831857,2156009.6350858,49
11/30/1925 0:00,1925,11,7145.9975959146,2046644.40701676,47
8/31/1949 0:00,1949,8,7150.6547447253,2056615.19476389,47
11/30/1923 0:00,1923,11,7150.7514430733,2046644.40701676,47
12/31/1923 0:00,1923,12,7184.0789584992,2047992.87815431,47
10/31/1955 0:00,1955,10,7186.4455955165,1901477.73888658,44
9/30/1944 0:00,1944,9,7203.4078050358,2155756.16259245,49
9/30/1939 0:00,1939,9,7206.5118307126,2081723.28052679,48
10/31/1959 0:00,1959,10,7227.083636047,2181120.09644211,50
9/30/1926 0:00,1926,9,7242.0283358629,2176157.71553295,50
10/31/2001 0:00,2001,10,7244.043012291,2081723.28052679,48
6/30/1986 0:00,1986,6,7272.7082939391,2177506.1866705,50
10/31/1945 0:00,1945,10,7297.0531138038,1901477.73888658,44
5/31/1929 0:00,1929,5,7322.6764592456,2110076.73927793,48
10/31/1976 0:00,1976,10,7342.6375802399,2081723.28052679,48
7/31/1931 0:00,1931,7,7343.361934589,2084966.27792161,48
8/31/1933 0:00,1933,8,7365.8127736863,2111561.19314397,48
10/31/1985 0:00,1985,10,7388.4935839222,2181120.09644211,50
4/30/1944 0:00,1944,4,7414.9968588276,2177506.1866705,50
5/31/1994 0:00,1994,5,7418.6441891421,1927516.42146047,44
10/31/1923 0:00,1923,10,7455.5656473925,2111561.19314397,48
10/31/1961 0:00,1961,10,7477.5602980693,2106833.7418831,48
9/30/1992 0:00,1992,9,7519.8805297074,2038295.55121262,47
10/31/1966 0:00,1966,10,7525.2181466461,1931130.33123208,44
8/31/2001 0:00,2001,8,7531.0330382912,2106017.27843219,48
3/31/1977 0:00,1977,3,7532.0901671975,2106833.7418831,48
4/30/1929 0:00,1929,4,7546.9096461983,2108182.21302066,48
10/31/1935 0:00,1935,10,7553.0454568073,2107416.85057793,48
11/30/1961 0:00,1961,11,7623.8921644855,1856843.97667307,43
7/31/1933 0:00,1933,7,7629.7309974622,2063406.01256893,47
6/30/1991 0:00,1991,6,7692.8640649881,1927705.73700818,44
7/31/1977 0:00,1977,7,7694.9319578523,2064943.7992542,47
5/31/1981 0:00,1981,5,7695.6341187301,2107365.74956974,48
4/30/1939 0:00,1939,4,7730.5082292496,1861435.44520545,43
4/30/1977 0:00,1977,4,7758.0608267815,2064943.7992542,47
9/30/1949 0:00,1949,9,7846.2153102608,1986751.07833638,46
12/31/1949 0:00,1949,12,7850.2987721437,1774780.59714025,41
9/30/1955 0:00,1955,9,7850.9879889033,1986940.39388409,46
8/31/1992 0:00,1992,8,7851.9033078722,1861435.44520545,43
12/31/1976 0:00,1976,12,7871.6220018909,1817475.70820464,42
12/31/1925 0:00,1925,12,7873.2363219049,1774780.59714025,41
6/30/1933 0:00,1933,6,7934.824131668,1785206.85920011,41
8/31/1991 0:00,1991,8,7973.0171613754,2063532.52868812,47
3/31/1924 0:00,1924,3,7974.1718376791,1858192.44781062,43
5/31/1988 0:00,1988,5,7986.4547546776,1814764.71849645,42
8/31/1925 0:00,1925,8,8004.4903587779,1920859.41762907,44
10/31/1947 0:00,1947,10,8015.5234748209,1991902.77479326,46
12/31/1947 0:00,1947,12,8025.0148910231,1804433.18948575,41
12/31/1939 0:00,1939,12,8046.2588201632,1917427.10468653,44
8/31/1924 0:00,1924,8,8106.877214371,1814764.71849645,42
12/31/1932 0:00,1932,12,8125.0736402767,1780918.20070428,41
10/31/1979 0:00,1979,10,8133.3802995621,1799470.80857658,41
10/31/1981 0:00,1981,10,8136.5344347134,1805608.41214061,41
6/30/1964 0:00,1964,6,8172.0283203125,1801176.01928614,41
9/30/1972 0:00,1972,9,8179.3366839172,1873999.37537236,43
5/31/1960 0:00,1960,5,8184.6320101015,1926997.0211931,44
4/30/1968 0:00,1968,4,8192.3406399284,1880326.29448411,43
8/31/1947 0:00,1947,8,8204.5111651573,1874188.69092008,43
9/30/2001 0:00,2001,9,8255.3699679041,1956267.94656998,45
4/30/1931 0:00,1931,4,8291.0459046577,1815080.55016335,42
6/30/1992 0:00,1992,6,8306.3601711784,1801355.00703149,41
1/31/1977 0:00,1977,1,8312.8450189092,1887509.91497071,43
5/31/1930 0:00,1930,5,8341.2028699741,1874315.20703926,43
5/31/1992 0:00,1992,5,8343.9571307723,1735467.97503985,40
11/30/1948 0:00,1948,11,8389.0255523487,1839356.71203962,42
2/28/1989 0:00,1989,2,8390.7978764431,1874188.69092008,43
9/30/1960 0:00,1960,9,8413.8222407444,1874188.69092008,43
5/31/1945 0:00,1945,5,8414.3947987162,1829961.93827599,42
4/30/1970 0:00,1970,4,8415.2187811007,1727792.58479055,40
8/31/1930 0:00,1930,8,8473.3679152568,1874315.20703926,43
4/30/1961 0:00,1961,4,8489.7589881071,1874315.20703926,43
6/30/1943 0:00,1943,6,8501.6279296875,1679472.68569743,39
5/31/2001 0:00,2001,5,8518.280553344,1880452.81060329,43
11/30/1976 0:00,1976,11,8519.4261171377,1887699.23051843,43
5/31/1955 0:00,1955,5,8545.5658713177,1692856.7091766,39
4/30/1976 0:00,1976,4,8586.8365843949,1872777.420354,43
11/30/1959 0:00,1959,11,8593.3852507962,1690778.5664583,39
4/30/1987 0:00,1987,4,8593.8040157245,1880452.81060329,43
5/31/1985 0:00,1985,5,8606.0703311604,1880452.81060329,43
11/30/2002 0:00,2002,11,8625.8632314889,1765070.35748061,41
4/30/1932 0:00,1932,4,8635.2890562799,1689185.90540409,39
10/31/1972 0:00,1972,10,8645.353080215,1696916.17002234,39
4/30/1959 0:00,1959,4,8647.70095417,1685307.83504648,39
8/31/1990 0:00,1990,8,8652.8998183718,1876019.68596125,43
11/30/1949 0:00,1949,11,8656.400782494,1765070.35748061,41
12/31/1934 0:00,1934,12,8674.2282668193,1696916.17002234,39
12/31/1936 0:00,1936,12,8699.4452938396,1694148.28631325,39
4/30/1955 0:00,1955,4,8723.4049499901,1685181.3189273,39
4/30/1964 0:00,1964,4,8724.0116192277,1671797.29544814,38
5/31/1968 0:00,1968,5,8728.5863480295,1671797.29544814,38
5/31/1947 0:00,1947,5,8749.2908228006,1760637.96462614,40
6/30/1929 0:00,1929,6,8758.065840217,1692983.22529578,39
4/30/1933 0:00,1933,4,8776.8006879479,1760637.96462614,40
7/31/1929 0:00,1929,7,8784.4085390127,1694687.70421777,39
5/31/1949 0:00,1949,5,8797.7384678543,1689185.90540409,39
2/28/1977 0:00,1977,2,8809.8954953722,1857927.06102762,43
11/30/1988 0:00,1988,11,8830.5828336485,1725702.08901218,40
9/30/1945 0:00,1945,9,8869.2288079717,1713967.23791715,39
10/31/1968 0:00,1968,10,8871.2279122711,1718026.69876289,39
6/30/1939 0:00,1939,6,8914.9567389033,1678299.55820613,39
9/30/1961 0:00,1961,9,8936.3919063495,1678299.55820613,39
5/31/1962 0:00,1962,5,8970.4175893213,1700583.21443798,39
12/31/1988 0:00,1988,12,9040.396876244,1713967.23791715,39
11/30/2001 0:00,2001,11,9071.9717045681,1721769.14428563,40
12/31/1986 0:00,1986,12,9090.9279334196,1580493.66328581,36
3/31/1939 0:00,1939,3,9099.157462928,1727477.7775155,40
4/30/1992 0:00,1992,4,9107.0969222731,1670624.16795683,38
2/29/1948 0:00,1948,2,9107.2996118631,1623104.92914906,37
4/30/1947 0:00,1947,4,9131.3814689491,1576434.20244007,36
9/30/1981 0:00,1981,9,9140.102731887,1670624.16795683,38
3/31/1955 0:00,1955,3,9153.5004727309,1727477.7775155,40
6/30/1955 0:00,1955,6,9159.958418342,1715798.23295832,39
12/31/1935 0:00,1935,12,9178.3555309514,1580493.66328581,36
11/30/1947 0:00,1947,11,9181.1811305733,1623104.92914906,37
1/31/1939 0:00,1939,1,9197.5737024781,1580493.66328581,36
10/31/1928 0:00,1928,10,9211.2013273786,1727477.7775155,40
6/30/1980 0:00,1980,6,9215.3182038714,1715798.23295832,39
9/30/1994 0:00,1994,9,9215.4896807823,1699410.08694668,39
8/31/1926 0:00,1926,8,9218.2037034733,1603153.71428466,37
5/31/1946 0:00,1946,5,9223.271919785,1563050.17896091,36
4/30/1934 0:00,1934,4,9236.5480630474,1714093.75403633,39
4/30/1949 0:00,1949,4,9250.5259317775,1576434.20244007,36
5/31/1959 0:00,1959,5,9259.5880461286,1701114.56586313,39
9/30/1925 0:00,1925,9,9264.1585016919,1714093.75403633,39
3/31/1964 0:00,1964,3,9284.6598265824,1580493.66328581,36
9/30/2002 0:00,2002,9,9289.4931516222,1699410.08694668,39
5/31/1986 0:00,1986,5,9334.3315585191,1699410.08694668,39
1/31/1962 0:00,1962,1,9359.8611788416,1576560.71855926,36
6/30/1988 0:00,1988,6,9384.7567426354,1631939.63327451,37
10/31/1989 0:00,1989,10,9389.8857670681,1576560.71855926,36
5/31/1972 0:00,1972,5,9410.3951097233,1699410.08694668,39
5/31/1936 0:00,1936,5,9413.740626244,1579872.43917875,36
5/31/1961 0:00,1961,5,9424.7529607882,1631939.63327451,37
4/30/1990 0:00,1990,4,9427.8842617934,1631939.63327451,37
6/30/1934 0:00,1934,6,9439.9134902468,1604858.1932122,37
12/31/1943 0:00,1943,12,9483.9705538416,1593382.9787771,37
8/31/1937 0:00,1937,8,9487.5277045183,1561877.0514696,36
4/30/1972 0:00,1972,4,9488.9205252289,1561877.0514696,36
6/30/1959 0:00,1959,6,9508.9825649383,1633644.11220204,38
9/30/1966 0:00,1966,9,9512.2555919088,1631939.63327451,37
11/30/1955 0:00,1955,11,9514.0269332205,1593382.9787771,37
10/31/1936 0:00,1936,10,9516.2535890227,1593382.9787771,37
9/30/1985 0:00,1985,9,9516.5034086385,1631939.63327451,37
5/31/1932 0:00,1932,5,9539.4546302747,1519567.9814889,35
5/31/1928 0:00,1928,5,9575.5278973428,1631939.63327451,37
4/30/1957 0:00,1957,4,9599.3461012142,1561877.0514696,36
8/31/1981 0:00,1981,8,9600.5869887042,1561877.0514696,36
1/31/1992 0:00,1992,1,9626.9166376393,1631939.63327451,37
4/30/2001 0:00,2001,4,9629.790667297,1631939.63327451,37
7/31/1991 0:00,1991,7,9656.899650428,1566238.70819789,36
6/30/1932 0:00,1932,6,9657.3044075936,1566488.41569958,36
6/30/1961 0:00,1961,6,9665.9332081011,1633644.11220204,38
1/31/1949 0:00,1949,1,9669.5640425955,1593382.9787771,37
4/30/1988 0:00,1988,4,9672.6277928444,1561877.0514696,36
5/31/2002 0:00,2002,5,9680.6041625199,1494406.59779743,34
6/30/1997 0:00,1997,6,9680.8259728304,1563581.53038605,36
1/31/1947 0:00,1947,1,9683.1118257365,1523627.44233464,35
5/31/1970 0:00,1970,5,9692.8283489252,1579998.95529793,36
8/31/1960 0:00,1960,8,9713.4247362659,1561877.0514696,36
5/31/1964 0:00,1964,5,9719.878383758,1565315.28820828,36
6/30/1951 0:00,1951,6,9731.1342742337,1567019.76712473,36
7/31/1992 0:00,1992,7,9747.9506991441,1583547.05708514,36
6/30/1936 0:00,1936,6,9751.1303679837,1506183.95800973,35
6/30/1996 0:00,1996,6,9758.6441704817,1506183.95800973,35
8/31/1994 0:00,1994,8,9771.2140911127,1494406.59779743,34
9/30/1930 0:00,1930,9,9788.8874651672,1494406.59779743,34
5/31/1979 0:00,1979,5,9818.4818620621,1581703.43421992,36
10/31/1948 0:00,1948,10,9827.4259927349,1563610.80928629,36
11/30/1934 0:00,1934,11,9847.7177485569,1563610.80928629,36
7/31/1987 0:00,1987,7,9862.2762863256,1444419.50907368,33
5/31/1925 0:00,1925,5,9869.6184564092,1519694.49760808,35
5/31/1939 0:00,1939,5,9924.1833262838,1442715.03014614,33
7/31/1995 0:00,1995,7,9924.7018560908,1565315.28820828,36
5/31/1997 0:00,1997,5,9926.4927721935,1497844.83453611,34
5/31/1950 0:00,1950,5,9958.0400639431,1629862.53187557,37
10/31/1993 0:00,1993,10,9965.0832566182,1496140.35561966,34
3/31/1923 0:00,1923,3,9972.7570412022,1565315.28820828,36
12/31/1928 0:00,1928,12,9993.784677299,1533078.52108725,35
5/31/1984 0:00,1984,5,10027.2100417994,1446014.02160806,33
6/30/1941 0:00,1941,6,10028.375522492,1499549.31346364,34
11/30/1985 0:00,1985,11,10031.5865657345,1503306.35159644,35
10/31/2000 0:00,2000,10,10034.0786163913,1496140.35561966,34
6/30/1957 0:00,1957,6,10048.7916936206,1446014.02160806,33
6/30/1962 0:00,1962,6,10050.5601176851,1497844.83453611,34
6/30/1926 0:00,1926,6,10050.806118133,1506715.30943488,35
10/31/1980 0:00,1980,10,10076.0290916103,1497844.83453611,34
5/31/1987 0:00,1987,5,10090.2881232584,1446014.02160806,33
6/30/1949 0:00,1949,6,10096.0409534236,1505010.83051843,35
10/31/1950 0:00,1950,10,10099.8538079717,1533078.52108725,35
4/30/1945 0:00,1945,4,10107.1165717058,1505010.83051843,35
6/30/2002 0:00,2002,6,10108.6007476612,1499549.31346364,34
6/30/1923 0:00,1923,6,10115.4155117934,1499549.31346364,34
1/31/1976 0:00,1976,1,10164.0169312301,1505010.83051843,35
4/30/1994 0:00,1994,4,10177.5429874104,1447857.74581236,33
8/31/1979 0:00,1979,8,10186.8678841561,1437540.37684626,33
3/31/1994 0:00,1994,3,10193.0767752289,1446153.26688482,33
6/30/1978 0:00,1978,6,10195.8030640426,1437540.37684626,33
7/31/2001 0:00,2001,7,10215.5672832902,1449452.25834674,33
10/31/1986 0:00,1986,10,10260.3263646994,1435835.89792981,33
10/31/1970 0:00,1970,10,10363.8684937301,1446153.26688482,33
4/30/1951 0:00,1951,4,10428.3159895004,1437540.37684626,33
8/31/1961 0:00,1961,8,10434.4648810709,1435532.81470855,33
4/30/1991 0:00,1991,4,10449.8265450836,1439244.85577379,33
12/31/2000 0:00,2000,12,10500.7294113256,1385848.80919497,32
4/30/1930 0:00,1930,4,10500.8835589172,1387553.2881225,32
7/31/1988 0:00,1988,7,10547.2425047273,1377801.34643627,32
6/30/1950 0:00,1950,6,10560.3753234475,1574398.5939583,36
10/31/1940 0:00,1940,10,10563.6124353105,1385848.80919497,32
6/30/1946 0:00,1946,6,10576.5296700836,1439244.85577379,33
2/28/1991 0:00,1991,2,10584.7660541899,1385848.80919497,32
10/31/1946 0:00,1946,10,10585.7584780553,1385848.80919497,32
6/30/1984 0:00,1984,6,10607.2570909634,1389147.80065689,32
11/30/1968 0:00,1968,11,10622.2570909634,1503519.18245323,35
6/30/1985 0:00,1985,6,10630.3317948846,1514358.08637464,35
4/30/1985 0:00,1985,4,10681.9698074244,1455236.57264592,33
5/31/1940 0:00,1940,5,10685.4346076334,1387553.2881225,32
6/30/1925 0:00,1925,6,10713.9541886445,1505223.66136968,35
10/31/1969 0:00,1969,10,10714.5203212082,1453532.09371839,33
6/30/2003 0:00,2003,6,10714.9996205713,1389147.80065689,32
3/31/1929 0:00,1929,3,10727.6479398885,1453532.09371839,33
3/31/1934 0:00,1934,3,10767.5181254976,1375477.56867752,32
4/30/1962 0:00,1962,4,10769.1487236266,1258280.8859042,29
6/30/1944 0:00,1944,6,10769.4420282643,1455236.57264592,33
6/30/1945 0:00,1945,6,10822.0526659534,1448592.11163,33
6/30/1989 0:00,1989,6,10830.3401547572,1516062.56529109,35
3/31/1990 0:00,1990,3,10843.7731016123,1315902.37620095,30
1/31/1924 0:00,1924,1,10851.6642739849,1445183.15378602,33
6/30/1930 0:00,1930,6,10863.1022778165,1506928.14029721,35
5/31/1976 0:00,1976,5,10893.7711609275,1317496.88874642,30
5/31/2000 0:00,2000,5,10900.7662532345,1456831.08518031,33
12/31/1924 0:00,1924,12,10906.5651995422,1445183.15378602,33
6/30/1947 0:00,1947,6,10920.3065722034,1448592.11163,33
4/30/1966 0:00,1966,4,10978.017708748,1317496.88874642,30
1/31/1925 0:00,1925,1,10982.4162022293,1315902.37620095,30
4/30/1981 0:00,1981,4,10996.0328485768,1377072.0812119,32
6/30/1966 0:00,1966,6,11007.302647293,1298776.98927368,30
10/31/1938 0:00,1938,10,11007.7621168392,1241892.73989255,29
5/31/1966 0:00,1966,5,11013.9540269208,1317496.88874642,30
5/31/1923 0:00,1923,5,11018.5390625,1446887.63270247,33
5/31/1951 0:00,1951,5,11026.0673206111,1446887.63270247,33
5/31/1980 0:00,1980,5,11027.2650340864,1444755.36573532,33
6/30/1999 0:00,1999,6,11054.5598750995,1448592.11163,33
6/30/1987 0:00,1987,6,11062.4340975816,1298776.98927368,30
6/30/1965 0:00,1965,6,11067.8410504578,1444755.36573532,33
6/30/1970 0:00,1970,6,11069.917838127,1398495.0565131,32
3/31/1932 0:00,1932,3,11075.9242137739,1445183.15378602,33
3/31/1926 0:00,1926,3,11101.1031424164,1383585.66072436,32
10/31/1927 0:00,1927,10,11139.873090416,1443160.85320094,33
11/30/1960 0:00,1960,11,11145.7491789411,1445183.15378602,33
12/31/1963 0:00,1963,12,11153.5714694467,1395196.06505118,32
6/30/1979 0:00,1979,6,11166.7311840665,1245301.69773099,29
6/30/1940 0:00,1940,6,11213.80078125,1386419.33706811,32
4/30/1960 0:00,1960,4,11240.2839246616,1396900.54397871,32
1/31/1929 0:00,1929,1,11243.5174350617,1384824.82453373,32
1/31/1961 0:00,1961,1,11290.4007202926,1395196.06505118,32
1/31/1994 0:00,1994,1,11290.5594521298,1124435.19749108,26
6/30/1968 0:00,1968,6,11362.7028077727,1385180.17326984,32
5/31/1943 0:00,1943,5,11364.3898972432,1366460.2737971,31
6/30/1954 0:00,1954,6,11387.2521086286,1366460.2737971,31
10/31/1997 0:00,1997,10,11392.8855929041,1325249.63205716,30
1/31/1989 0:00,1989,1,11423.2187624403,1383585.66072436,32
7/31/1967 0:00,1967,7,11509.2029446158,1326844.14460263,30
5/31/1937 0:00,1937,5,11514.0521185808,1127734.188953,26
10/31/1941 0:00,1941,10,11526.8133023985,1386419.33706811,32
1/31/1945 0:00,1945,1,11535.1756257464,1325249.63205716,30
4/30/1984 0:00,1984,4,11537.1122549264,1326844.14460263,30
11/30/1921 0:00,1921,11,11590.3179177448,1114063.95697363,26
10/31/1951 0:00,1951,10,11612.9751816282,1114063.95697363,26
12/31/1948 0:00,1948,12,11622.6259516819,1163821.0794799,27
5/31/1954 0:00,1954,5,11632.6412159136,1268843.75422424,29
5/31/1973 0:00,1973,5,11633.6913253881,1115658.46950802,26
6/30/2000 0:00,2000,6,11657.5083536525,1268843.75422424,29
8/31/1972 0:00,1972,8,11659.1868157842,1327179.78289145,30
4/30/1979 0:00,1979,4,11680.5015550358,1126139.67641862,26
12/31/1933 0:00,1933,12,11693.5458797771,1126139.67641862,26
8/31/2002 0:00,2002,8,11700.9670021397,1326844.14460263,30
9/30/1935 0:00,1935,9,11707.388846039,1326844.14460263,30
6/30/2001 0:00,2001,6,11711.5662507464,1268843.75422424,29
11/30/1946 0:00,1946,11,11714.7842605494,1114063.95697363,26
10/31/1973 0:00,1973,10,11737.0295830016,1054488.76449706,24
8/31/1989 0:00,1989,8,11768.6227358678,1308124.24512989,30
6/30/1981 0:00,1981,6,11771.1495446855,1268843.75422424,29
1/31/1960 0:00,1960,1,11788.9250659335,1054488.76449706,24
6/30/1927 0:00,1927,6,11790.0092120322,1105057.26276199,25
3/31/1985 0:00,1985,3,11802.5739948248,1308124.24512989,30
6/30/1972 0:00,1972,6,11839.0297198447,1268843.75422424,29
10/31/1943 0:00,1943,10,11841.2940634952,1056083.27704254,24
7/31/1932 0:00,1932,7,11886.675084594,1268843.75422424,29
12/31/1965 0:00,1965,12,11892.7749303344,1103462.75022761,25
1/31/1937 0:00,1937,1,11898.6722544287,1113833.99074506,26
8/31/1939 0:00,1939,8,11902.2775863356,1320936.63205376,30
9/30/1936 0:00,1936,9,11905.0152393511,1016802.78613688,23
1/31/1931 0:00,1931,1,11918.7378831608,1103462.75022761,25
10/31/1967 0:00,1967,10,11933.0275676752,1054488.76449706,24
10/31/1954 0:00,1954,10,11934.5273997313,1056083.27704254,24
11/30/1986 0:00,1986,11,11936.7321730693,1043887.55775103,24
8/31/1995 0:00,1995,8,11937.3215192078,1106651.77530746,25
11/30/1928 0:00,1928,11,11963.9992287022,1103462.75022761,25
12/31/1992 0:00,1992,12,11982.015537918,1045482.07029651,24
4/30/1946 0:00,1946,4,12015.7792595541,1105057.26276199,25
10/31/1995 0:00,1995,10,12027.3444093352,1056083.27704254,24
6/30/1974 0:00,1974,6,12029.9946568969,1037363.3775698,24
10/31/1978 0:00,1978,10,12051.2873395203,998082.886664144,23
10/31/1922 0:00,1922,10,12056.4797098925,1043887.55775103,24
1/31/1975 0:00,1975,1,12067.977818969,1043887.55775103,24
11/30/1979 0:00,1979,11,12069.0449094347,1045482.07029651,24
10/31/1996 0:00,1996,10,12099.5949878085,1061026.75102978,24
1/31/1957 0:00,1957,1,12102.8316082803,1045482.07029651,24
9/30/1959 0:00,1959,9,12129.3747885151,998082.886664144,23
9/30/1979 0:00,1979,9,12130.7690585191,1262600.60338655,29
10/31/1974 0:00,1974,10,12213.3345877289,1016802.78613688,23
9/30/1923 0:00,1923,9,12213.423262092,1006201.57939085,23
2/28/1939 0:00,1939,2,12224.6949517317,1006201.57939085,23
6/30/1928 0:00,1928,6,12263.177908539,991839.735826457,23
8/31/1935 0:00,1935,8,12266.4517130275,1045482.07029651,24
10/31/1984 0:00,1984,10,12280.0207441779,1045482.07029651,24
6/30/1960 0:00,1960,6,12291.141103951,991839.735826457,23
10/31/1963 0:00,1963,10,12309.9542384057,1061026.75102978,24
8/31/1982 0:00,1982,8,12327.635026871,1026762.17082377,24
7/31/1937 0:00,1937,7,12341.2220777767,1006458.25094672,23
5/31/1999 0:00,1999,5,12359.0325562301,1062621.26356417,24
11/30/1945 0:00,1945,11,12366.0382663217,1001451.55855321,23
8/31/1985 0:00,1985,8,12424.2089781549,966327.625554915,22
8/31/1969 0:00,1969,8,12432.7566990943,1006458.25094672,23
1/31/1987 0:00,1987,1,12435.3996193272,1006201.57939085,23
9/30/1962 0:00,1962,9,12441.0433917197,981238.529080428,23
8/31/1950 0:00,1950,8,12446.9656585888,984326.171625946,23
2/28/1931 0:00,1931,2,12448.2868730096,963765.580193026,22
5/31/1989 0:00,1989,5,12451.0341361465,945045.68072029,22
5/31/1926 0:00,1926,5,12476.7454717357,981238.529080428,23
11/30/1940 0:00,1940,11,12508.0757737858,1006201.57939085,23
2/28/1955 0:00,1955,2,12526.6762353205,1006201.57939085,23
2/28/1935 0:00,1935,2,12543.7542048169,981238.529080428,23
7/31/1990 0:00,1990,7,12550.0066493332,966327.625554915,22
1/31/1944 0:00,1944,1,12582.9700624502,963765.580193026,22
1/31/1985 0:00,1985,1,12586.9823658937,963765.580193026,22
10/31/1999 0:00,1999,10,12591.3430720044,945045.68072029,22
10/31/1965 0:00,1965,10,12597.181161674,966327.625554915,22
8/31/1993 0:00,1993,8,12632.1289124701,981238.529080428,23
1/31/1933 0:00,1933,1,12633.8568371815,1006458.25094672,23
6/30/1963 0:00,1963,6,12644.6315498109,981238.529080428,23
2/29/1932 0:00,1932,2,12674.0347270601,981238.529080428,23
8/31/1952 0:00,1952,8,12700.1668740048,928163.159008498,21
11/30/1944 0:00,1944,11,12702.060285629,963765.580193026,22
10/31/1958 0:00,1958,10,12762.2335104001,946883.058481234,22
10/31/1956 0:00,1956,10,12780.901951881,984118.633077898,23
5/31/1965 0:00,1965,5,12792.7281859574,938802.529882604,22
3/31/1933 0:00,1933,3,12798.5347395004,938802.529882604,22
9/30/1948 0:00,1948,9,12847.8599534733,938802.529882604,22
9/30/1989 0:00,1989,9,12862.0786412719,938802.529882604,22
8/31/1923 0:00,1923,8,12888.6131133061,955726.418808886,22
8/31/1936 0:00,1936,8,12908.6360842954,955726.418808886,22
12/31/1927 0:00,1927,12,12922.2470889729,907602.567575578,21
7/31/1976 0:00,1976,7,12929.3517677647,963267.966445366,22
2/29/1976 0:00,1976,2,12958.1589184415,913290.419611062,21
9/30/1968 0:00,1968,9,13032.1473676354,913290.419611062,21
8/31/1945 0:00,1945,8,13040.2629814391,913290.419611062,21
10/31/1953 0:00,1953,10,13041.9694342158,882639.517265156,20
12/31/1946 0:00,1946,12,13070.2312524881,888882.668102842,20
11/30/1938 0:00,1938,11,13082.136457504,924543.440601327,21
6/30/1982 0:00,1982,6,13089.7381692874,907418.053674063,21
7/31/1947 0:00,1947,7,13103.0683033937,882639.517265156,20
1/31/1948 0:00,1948,1,13107.845224174,886857.462241143,20
9/30/1950 0:00,1950,9,13134.3893685311,913290.419611062,21
10/31/1975 0:00,1975,10,13225.00737709,1024885.46372574,24
7/31/1935 0:00,1935,7,13227.2739662122,857127.406993613,20
12/31/1974 0:00,1974,12,13260.8934924861,882639.517265156,20
12/31/1999 0:00,1999,12,13286.9180496119,882639.517265156,20
12/31/1953 0:00,1953,12,13308.5849484972,857127.406993613,20
1/31/1922 0:00,1922,1,13343.6741018113,882639.517265156,20
10/31/1942 0:00,1942,10,13356.4108777866,857127.406993613,20
6/30/1956 0:00,1956,6,13387.2337032245,861894.411930721,20
2/28/1933 0:00,1933,2,13428.2372051652,857127.406993613,20
6/30/1937 0:00,1937,6,13429.9365109972,920831.967247542,21
11/30/1966 0:00,1966,11,13490.2091958599,927624.292888982,21
12/31/1938 0:00,1938,12,13491.5738144407,861894.411930721,20
8/31/1958 0:00,1958,8,13492.9829692476,861894.411930721,20
2/29/1964 0:00,1964,2,13530.8128794287,861894.411930721,20
8/31/1967 0:00,1967,8,13558.6664012739,861894.411930721,20
4/30/1953 0:00,1953,4,13569.0702067576,836382.301659179,19
2/28/1949 0:00,1949,2,13576.026951881,836382.301659179,19
12/31/1971 0:00,1971,12,13576.8487883161,902661.242578561,21
6/30/1973 0:00,1973,6,13577.0881891919,836382.301659179,19
5/31/1978 0:00,1978,5,13581.1517030752,836382.301659179,19
2/28/1934 0:00,1934,2,13602.1897330315,864668.954630093,20
6/30/1935 0:00,1935,6,13608.6321034037,836382.301659179,19
3/31/1976 0:00,1976,3,13619.1229286923,864668.954630093,20
8/31/1975 0:00,1975,8,13668.5843700239,864668.954630093,20
6/30/1971 0:00,1971,6,13671.7210701135,836382.301659179,19
11/30/1980 0:00,1980,11,13688.4975928045,861894.411930721,20
4/30/1997 0:00,1997,4,13697.8654645203,864668.954630093,20
10/31/1952 0:00,1952,10,13718.2964955713,843923.849295658,19
7/31/1952 0:00,1952,7,13747.4172472134,836382.301659179,19
4/30/1973 0:00,1973,4,13752.421483131,843923.849295658,19
8/31/1983 0:00,1983,8,13754.5087517416,836382.301659179,19
8/31/1965 0:00,1965,8,13758.6350641919,816691.682270813,19
10/31/1957 0:00,1957,10,13796.0514281449,843923.849295658,19
12/31/1980 0:00,1980,12,13802.6200549861,877149.132307018,20
12/31/1958 0:00,1958,12,13806.68012291,877149.132307018,20
12/31/1967 0:00,1967,12,13827.8834034136,877149.132307018,20
12/31/1978 0:00,1978,12,13836.4171974522,836382.301659179,19
12/31/1975 0:00,1975,12,13837.5323447452,877149.132307018,20
12/31/1993 0:00,1993,12,13844.3856177846,902661.242578561,21
12/31/1956 0:00,1956,12,13846.4751443073,877149.132307018,20
8/31/1938 0:00,1938,8,13874.404253334,836382.301659179,19
8/31/1986 0:00,1986,8,13875.9705600617,816691.682270813,19
7/31/1969 0:00,1969,7,13910.0834992038,843923.849295658,19
7/31/1955 0:00,1955,7,13942.9654719845,843923.849295658,19
8/31/1941 0:00,1941,8,13976.7790169686,795946.576936379,18
3/31/1959 0:00,1959,3,14000.0238542496,816691.682270813,19
12/31/1994 0:00,1994,12,14002.0924686505,795946.576936379,18
11/30/1993 0:00,1993,11,14009.0530578225,877149.132307018,20
11/30/1962 0:00,1962,11,14034.261849373,856270.197526951,20
10/31/1998 0:00,1998,10,14044.2916314192,877149.132307018,20
4/30/2002 0:00,2002,4,14049.5189341162,843923.849295658,19
10/31/1971 0:00,1971,10,14051.7182523885,789465.842828693,18
7/31/1930 0:00,1930,7,14085.23784584,877149.132307018,20
1/31/1963 0:00,1963,1,14128.9119227707,895550.688432606,21
8/31/1942 0:00,1942,8,14137.1575375697,795946.576936379,18
10/31/1982 0:00,1982,10,14143.4955774781,906415.901428187,21
11/30/1964 0:00,1964,11,14146.1565796676,884690.679943498,20
7/31/1983 0:00,1983,7,14155.712324592,884690.679943498,20
8/31/1980 0:00,1980,8,14166.6077328822,795946.576936379,18
3/31/1948 0:00,1948,3,14180.2607235271,880903.791156644,20
8/31/1999 0:00,1999,8,14242.8968389232,836713.407584218,19
8/31/1956 0:00,1956,8,14247.9555695163,795946.576936379,18
12/31/1977 0:00,1977,12,14274.2518722631,768720.737494258,18
2/28/1990 0:00,1990,2,14275.8437437799,836713.407584218,19
10/31/1921 0:00,1921,10,14290.6333474323,888445.338793124,20
8/31/1922 0:00,1922,8,14313.3212455215,768720.737494258,18
2/29/1988 0:00,1988,2,14315.4974684017,795946.576936379,18
7/31/1926 0:00,1926,7,14322.8817053145,836713.407584218,19
8/31/1973 0:00,1973,8,14346.8496031549,768720.737494258,18
8/31/1984 0:00,1984,8,14367.2255983778,836713.407584218,19
8/31/1996 0:00,1996,8,14416.3295867337,888445.338793124,20
8/31/1974 0:00,1974,8,14432.3196904857,809487.568142098,19
1/31/1972 0:00,1972,1,14510.1167023288,836713.407584218,19
8/31/1968 0:00,1968,8,14517.4901286326,836713.407584218,19
12/31/1944 0:00,1944,12,14539.4701619725,840468.066433844,19
8/31/1997 0:00,1997,8,14582.707205414,840468.066433844,19
2/28/1923 0:00,1923,2,14613.7241117635,805795.036944986,18
4/30/1980 0:00,1980,4,14633.6294785032,840468.066433844,19
5/31/1974 0:00,1974,5,14642.8742100418,840468.066433844,19
11/30/2000 0:00,2000,11,14670.1922708499,840468.066433844,19
11/30/1975 0:00,1975,11,14671.6660529459,800229.240851578,18
7/31/1998 0:00,1998,7,14681.154122711,840468.066433844,19
6/30/1969 0:00,1969,6,14682.9954966162,861883.556080695,20
11/30/1969 0:00,1969,11,14714.3791363953,805795.036944986,18
3/31/1946 0:00,1946,3,14748.0469558619,813336.584581466,19
4/30/1950 0:00,1950,4,14752.6269158041,845879.900176497,19
8/31/1998 0:00,1998,8,14765.2589383459,813336.584581466,19
2/29/1924 0:00,1924,2,14781.9801764033,813242.226991724,19
12/31/1961 0:00,1961,12,14820.9042844347,813242.226991724,19
11/30/1995 0:00,1995,11,14838.1329555633,813336.584581466,19
8/31/1927 0:00,1927,8,14842.4958822651,813242.226991724,19
7/31/1949 0:00,1949,7,14850.847482086,813336.584581466,19
7/31/1944 0:00,1944,7,14861.5035890227,813242.226991724,19
12/31/1921 0:00,1921,12,14866.8706956608,800229.240851578,18
8/31/1940 0:00,1940,8,14871.5073024482,813242.226991724,19
8/31/1943 0:00,1943,8,14900.3888958002,809406.814238573,19
12/31/1985 0:00,1985,12,14930.8905254777,813242.226991724,19
7/31/1939 0:00,1939,7,14969.8917197452,765359.312222186,18
7/31/1950 0:00,1950,7,14990.7003259355,807770.788488058,19
8/31/1946 0:00,1946,8,15000.1429513336,813242.226991724,19
8/31/1970 0:00,1970,8,15001.2683494228,813161.4730882,19
1/31/2001 0:00,2001,1,15012.3432523885,813242.226991724,19
11/30/1978 0:00,1978,11,15060.1146870024,807770.788488058,19
8/31/1951 0:00,1951,8,15097.1532270104,813242.226991724,19
5/31/1957 0:00,1957,5,15106.8731526174,813242.226991724,19
7/31/1938 0:00,1938,7,15130.4845864849,819748.216083155,19
12/31/1960 0:00,1960,12,15152.9236788416,738133.472780066,17
6/30/1975 0:00,1975,6,15186.6960837978,765359.312222186,18
7/31/1994 0:00,1994,7,15215.6553791799,738133.472780066,17
8/31/1978 0:00,1978,8,15216.9243879379,833461.781765669,19
8/31/1963 0:00,1963,8,15261.1431317178,819748.216083155,19
4/30/2000 0:00,2000,4,15279.9785653861,738052.718876542,17
4/30/1986 0:00,1986,4,15283.4695337381,738133.472780066,17
8/31/1971 0:00,1971,8,15290.1488418093,833461.781765669,19
5/31/1935 0:00,1935,5,15293.1522939889,837669.842607946,19
7/31/1982 0:00,1982,7,15363.7953946059,833461.781765669,19
6/30/1948 0:00,1948,6,15370.2036350518,830128.294971465,19
4/30/1956 0:00,1956,4,15413.5859001791,732567.676686658,17
8/31/2000 0:00,2000,8,15474.8767665207,846797.369401125,19
7/31/1925 0:00,1925,7,15477.4863530056,789692.570248666,18
11/30/1943 0:00,1943,11,15479.1530404061,738052.718876542,17
8/31/1957 0:00,1957,8,15484.6088400677,744639.461871497,17
8/31/1928 0:00,1928,8,15526.187108131,765967.170227027,18
8/31/1962 0:00,1962,8,15560.5435907643,744639.461871497,17
8/31/1954 0:00,1954,8,15634.7040704618,765967.170227027,18
1/31/1926 0:00,1926,1,15637.9538714172,732567.676686658,17
2/28/2002 0:00,2002,2,15679.2548143909,762466.730806545,18
2/28/1985 0:00,1985,2,15692.5498606688,732486.922783133,17
7/31/1942 0:00,1942,7,15698.6338948049,739073.665778088,17
11/30/1957 0:00,1957,11,15728.5507439291,732486.922783133,17
1/31/1955 0:00,1955,1,15792.8991590366,732486.922783133,17
7/31/1979 0:00,1979,7,15798.1060658838,739073.665778088,17
8/31/1953 0:00,1953,8,15812.5513659435,732486.922783133,17
8/31/1966 0:00,1966,8,15824.6505274682,786335.418556158,18
8/31/1959 0:00,1959,8,15860.0906399283,773912.384828758,18
12/31/1929 0:00,1929,12,15909.5556205215,762385.976903021,18
7/31/1980 0:00,1980,7,15993.4928592755,762385.976903021,18
7/31/1961 0:00,1961,7,16039.0225791202,782686.28558049,18
11/30/1942 0:00,1942,11,16060.8031822253,688462.684523957,16
10/31/1983 0:00,1983,10,16075.4232807524,758508.676423042,17
11/30/1967 0:00,1967,11,16089.4671825239,688462.684523957,16
11/30/1997 0:00,1997,11,16093.6344794984,776099.542585536,18
3/31/1947 0:00,1947,3,16125.8053592755,688381.930620432,16
3/31/1925 0:00,1925,3,16177.5558693272,688381.930620432,16
6/30/1953 0:00,1953,6,16219.0141570462,694968.673615387,16
1/31/1990 0:00,1990,1,16238.7463674363,776099.542585536,18
12/31/1942 0:00,1942,12,16272.311069367,702095.496302947,16
7/31/1956 0:00,1956,7,16279.1574318272,790300.428253506,18
2/29/1972 0:00,1972,2,16302.9152816481,788407.73054293,18
7/31/1941 0:00,1941,7,16359.5740321457,798245.642855237,18
8/31/1948 0:00,1948,8,16407.3194665605,708682.239297902,16
11/30/1927 0:00,1927,11,16437.0487161624,702095.496302947,16
11/30/1958 0:00,1958,11,16447.9758285231,688381.930620432,16
11/30/1952 0:00,1952,11,16497.0054364053,652417.413032441,15
9/30/1980 0:00,1980,9,16513.2413291202,708682.239297902,16
3/31/1944 0:00,1944,3,16591.7339520303,808444.906943346,19
11/30/1951 0:00,1951,11,16597.2821830215,714403.684260341,16
1/31/1934 0:00,1934,1,16598.2334917397,808444.906943346,19
1/31/1950 0:00,1950,1,16634.7485196059,652417.413032441,15
11/30/1941 0:00,1941,11,16712.9143113057,624622.519039843,14
12/31/1987 0:00,1987,12,16712.9444167994,722017.826933357,17
11/30/1996 0:00,1996,11,16747.5680359275,624703.272943368,14
8/31/2003 0:00,2003,8,16784.9370397094,792277.327327448,18
11/30/1922 0:00,1922,11,16790.5860867834,624703.272943368,14
2/28/1929 0:00,1929,2,16794.0589545183,734440.860660757,17
2/28/1957 0:00,1957,2,16828.9181055932,734440.860660757,17
12/31/1979 0:00,1979,12,16894.6933842556,678439.16667235,16
7/31/1981 0:00,1981,7,16899.7573024482,746746.951638368,17
11/30/1971 0:00,1971,11,16908.876517715,672717.721709911,15
6/30/1942 0:00,1942,6,16915.4111265924,688277.078984657,16
6/30/1993 0:00,1993,6,16958.3831483877,631209.262034798,14
3/31/1960 0:00,1960,3,16986.6700711584,678439.16667235,16
12/31/1931 0:00,1931,12,17005.5222307922,678439.16667235,16
4/30/1926 0:00,1926,4,17014.0762713973,678439.16667235,16
7/31/1958 0:00,1958,7,17035.7950338376,718273.281044859,16
3/31/1950 0:00,1950,3,17042.1600940486,673492.997039201,15
3/31/1961 0:00,1961,3,17079.7704642715,776809.416710944,18
11/30/1974 0:00,1974,11,17108.591796875,678439.16667235,16
12/31/1997 0:00,1997,12,17111.5609947253,658258.415352768,15
3/31/2002 0:00,2002,3,17114.3373556927,644922.827717313,15
2/28/1947 0:00,1947,2,17120.8198895303,650644.272679753,15
11/30/1954 0:00,1954,11,17157.3734698447,698476.343072766,16
4/30/1936 0:00,1936,4,17168.6147865247,646267.157597081,15
3/31/1992 0:00,1992,3,17177.6696855096,721768.989817529,17
11/30/1970 0:00,1970,11,17216.8145277667,670681.449080168,15
12/31/1995 0:00,1995,12,17287.361589371,625031.965585875,14
4/30/1989 0:00,1989,4,17313.5471113654,658258.415352768,15
1/31/1959 0:00,1959,1,17371.4808046377,650644.272679753,15
12/31/1926 0:00,1926,12,17394.1619103304,670681.449080168,15
7/31/1945 0:00,1945,7,17406.6724348129,638367.55322133,15
7/31/1964 0:00,1964,7,17435.1657419387,685804.472229538,16
2/28/1930 0:00,1930,2,17438.0868580812,650644.272679753,15
3/31/1981 0:00,1981,3,17526.996616242,670336.561613035,15
2/28/1946 0:00,1946,2,17550.3705961385,672905.21871946,15
11/30/1999 0:00,1999,11,17557.6767764729,650790.58694873,15
7/31/1922 0:00,1922,7,17621.0575363256,682987.540057779,16
4/30/1937 0:00,1937,4,17657.9757165605,650790.58694873,15
1/31/1932 0:00,1932,1,17783.5893834594,651065.751045604,15
12/31/1984 0:00,1984,12,17790.9565833997,679822.300006481,16
11/30/1953 0:00,1953,11,17822.0904657643,644431.548125951,15
1/31/2000 0:00,2000,1,17853.2206782444,650790.58694873,15
3/31/1972 0:00,1972,3,17866.822004379,650790.58694873,15
1/31/1981 0:00,1981,1,17936.9581508758,624540.685994512,14
7/31/1978 0:00,1978,7,17953.1476040008,682046.069645772,16
6/30/1958 0:00,1958,6,18024.4804314291,620241.291578663,14
7/31/1923 0:00,1923,7,18025.0454692476,682046.069645772,16
7/31/1948 0:00,1948,7,18035.8571979498,638118.716105502,15
4/30/1975 0:00,1975,4,18144.5025502588,622650.805488999,14
7/31/1936 0:00,1936,7,18164.4892018312,632664.325306062,15
9/30/1973 0:00,1973,9,18165.22265625,626666.583014502,14
7/31/1993 0:00,1993,7,18187.3198646497,679573.462890654,16
11/30/1956 0:00,1956,11,18194.423218551,665995.432779664,15
9/30/1927 0:00,1927,9,18218.0059340167,622650.805488999,14
1/31/1979 0:00,1979,1,18273.1923019506,665995.432779664,15
1/31/1954 0:00,1954,1,18276.9957081011,619155.096716328,14
7/31/2002 0:00,2002,7,18306.2640450836,610171.446848995,14
5/31/1927 0:00,1927,5,18341.1611763535,632664.325306062,15
4/30/1971 0:00,1971,4,18421.8385499602,606775.720883064,14
1/31/1930 0:00,1930,1,18436.9971884952,603379.994921568,14
7/31/1960 0:00,1960,7,18557.2510823049,610171.446848995,14
3/31/1965 0:00,1965,3,18568.4670705613,603379.994921568,14
7/31/1975 0:00,1975,7,18638.6319167994,651626.193634146,15
7/31/2000 0:00,2000,7,18801.3782842357,602300.77420704,14
3/31/1945 0:00,1945,3,18881.2625895701,583029.963639609,13
4/30/1923 0:00,1923,4,18990.1958971935,629793.034999365,14
3/31/1966 0:00,1966,3,18999.5581210191,656047.064891518,15
5/31/1953 0:00,1953,5,19028.988803742,643600.887842943,15
1/31/1964 0:00,1964,1,19053.0150651871,621989.879771552,14
2/29/1928 0:00,1928,2,19083.8707081011,583029.963639609,13
11/30/1965 0:00,1965,11,19114.9497039212,575152.29810099,13
11/30/1972 0:00,1972,11,19162.7766222134,575152.29810099,13
12/31/1954 0:00,1954,12,19270.5276671975,601653.253539634,14
7/31/2003 0:00,2003,7,19293.2548019506,605048.97950113,14
3/31/1997 0:00,1997,3,19307.6929861664,598337.112438172,14
7/31/1989 0:00,1989,7,19352.3631817277,615496.254023554,14
2/28/1987 0:00,1987,2,19369.9944143113,612248.168314642,14
3/31/1953 0:00,1953,3,19394.7015450836,612248.168314642,14
3/31/2001 0:00,2001,3,19482.2168963973,612248.168314642,14
9/30/1940 0:00,1940,9,19549.6692625398,638681.068360737,15
9/30/1993 0:00,1993,9,19609.2710365247,601732.838404103,14
9/30/1928 0:00,1928,9,19636.5409907444,609826.445647351,14
9/30/1978 0:00,1978,9,19664.3471835191,638681.068360737,15
12/31/1957 0:00,1957,12,19665.6784061505,635432.982651825,15
9/30/1983 0:00,1983,9,19699.9085390127,609826.445647351,14
4/30/1928 0:00,1928,4,19758.8894307325,577900.503399515,13
4/30/1948 0:00,1948,4,19771.976388336,591910.955289809,14
3/31/1962 0:00,1962,3,19836.095703125,635432.982651825,15
1/31/1968 0:00,1968,1,19843.0871068869,611600.647647236,14
11/30/1926 0:00,1926,11,19955.2144456608,621913.640708061,14
12/31/1968 0:00,1968,12,19964.2686479897,658881.847946741,15
3/31/1987 0:00,1987,3,20052.7738977906,633011.259984533,15
1/31/1986 0:00,1986,1,20088.1215789212,661421.348212352,15
7/31/1953 0:00,1953,7,20097.7190236863,588978.145393941,14
9/30/1957 0:00,1957,9,20122.9896870024,609178.924979945,14
11/30/1963 0:00,1963,11,20180.6466834196,654629.896284925,15
4/30/1925 0:00,1925,4,20219.4127935908,658025.622246421,15
11/30/1984 0:00,1984,11,20248.752562699,646752.230746305,15
9/30/1946 0:00,1946,9,20260.7106638137,609178.924979945,14
4/30/1943 0:00,1943,4,20291.6244277468,674580.710678011,15
9/30/2000 0:00,2000,9,20322.9422024283,573722.977956463,13
7/31/1946 0:00,1946,7,20365.9484101314,653396.042421148,15
7/31/1966 0:00,1966,7,20370.348999801,653396.042421148,15
9/30/1951 0:00,1951,9,20371.5258757962,584723.926288808,13
4/30/1999 0:00,1999,4,20435.6181080812,636641.064724637,15
9/30/2003 0:00,2003,9,20447.6022715963,549890.642951875,13
7/31/1972 0:00,1972,7,20484.7470640924,661225.598706662,15
9/30/1998 0:00,1998,9,20499.3491988455,625464.75422737,14
7/31/1951 0:00,1951,7,20528.84027916,636641.064724637,15
7/31/1968 0:00,1968,7,20602.1427149681,636641.064724637,15
5/31/1993 0:00,1993,5,20619.0746417197,460377.53955705,11
7/31/1985 0:00,1985,7,20644.7926453025,626674.384430074,14
7/31/1940 0:00,1940,7,20693.7661723726,673589.29468127,15
9/30/1954 0:00,1954,9,20712.0588301154,549890.642951875,13
2/28/1994 0:00,1994,2,20807.9973999801,707296.966254874,16
7/31/1943 0:00,1943,7,20869.5088201632,647718.706719063,15
5/31/1963 0:00,1963,5,20883.1239550159,449104.148056935,10
7/31/1959 0:00,1959,7,20926.7185260748,673589.29468127,15
7/31/1973 0:00,1973,7,20959.6642739849,647718.706719063,15
7/31/1984 0:00,1984,7,21068.8093650478,669129.116507771,15
12/31/1972 0:00,1972,12,21070.0191953623,620928.466061892,14
3/31/1942 0:00,1942,3,21112.1448422572,620928.466061892,14
7/31/1971 0:00,1971,7,21185.8559414809,644674.117816634,15
7/31/1997 0:00,1997,7,21188.6884330215,460181.79005136,11
3/31/2003 0:00,2003,3,21258.5649507365,620928.466061892,14
7/31/1996 0:00,1996,7,21280.6570959395,480382.569637365,11
7/31/1965 0:00,1965,7,21304.9500646895,480382.569637365,11
1/31/1928 0:00,1928,1,21316.8017889132,607421.574074293,14
7/31/1954 0:00,1954,7,21332.9620944467,460181.79005136,11
7/31/1999 0:00,1999,7,21341.7129901473,480382.569637365,11
4/30/1922 0:00,1922,4,21401.1725218949,488992.700617253,11
7/31/1986 0:00,1986,7,21404.9819367038,481592.199840069,11
7/31/1974 0:00,1974,7,21427.8109449642,457137.201148932,10
3/31/1979 0:00,1979,3,21470.0106737659,509984.461623404,12
7/31/1970 0:00,1970,7,21539.5264480494,483322.89224105,11
7/31/1962 0:00,1962,7,21561.1290928543,483322.89224105,11
7/31/1928 0:00,1928,7,21570.777082504,484532.522443754,11
9/30/1986 0:00,1986,9,21580.6661773487,457137.201148932,10
2/28/1971 0:00,1971,2,21583.3431155454,509193.480203258,12
7/31/1957 0:00,1957,7,21624.964495422,460077.523752617,11
7/31/1963 0:00,1963,7,21650.1685036823,484532.522443754,11
1/31/1988 0:00,1988,1,21687.0517142715,616897.216003759,14
1/31/1966 0:00,1966,1,21770.4695461783,600306.320505968,14
7/31/1927 0:00,1927,7,21773.328125,460077.523752617,11
1/31/1923 0:00,1923,1,21823.0579219745,509984.461623404,12
4/30/2003 0:00,2003,4,22021.4073198647,412769.403838266,9
5/31/1971 0:00,1971,5,22297.7750547373,415709.726441951,10
11/30/1937 0:00,1937,11,22541.6007663217,417361.96063207,10
9/30/1982 0:00,1982,9,22555.410330414,439949.573157014,10
5/31/1948 0:00,1948,5,22580.1342928941,453334.906181948,10
2/28/1966 0:00,1966,2,22649.6987584594,379051.979342018,9
2/28/2001 0:00,2001,2,22674.4136892914,393122.113917007,9
2/28/1953 0:00,1953,2,22759.273698746,379051.979342018,9
2/29/1944 0:00,1944,2,22814.1611265924,417361.96063207,10
11/30/1998 0:00,1998,11,22861.6111912818,442865.149177128,10
1/31/1935 0:00,1935,1,22913.9777070064,346344.260646907,8
3/31/1935 0:00,1935,3,22917.2059365048,403291.826057081,9
1/31/1940 0:00,1940,1,23114.8013161823,330169.69908931,8
12/31/1922 0:00,1922,12,23158.9132663217,509521.640621837,12
2/28/1981 0:00,1981,2,23164.6579294387,370584.10736197,9
3/31/1963 0:00,1963,3,23277.8718650478,370584.10736197,9
9/30/1969 0:00,1969,9,23687.8179612858,396759.440679592,9
2/28/2003 0:00,2003,2,23787.833723129,396759.440679592,9
3/31/1951 0:00,1951,3,23929.5483553941,423595.793431996,10
1/31/1938 0:00,1938,1,24180.4068844546,364051.721984481,8
5/31/1982 0:00,1982,5,24226.3578075239,559724.275875948,13
5/31/1975 0:00,1975,5,24260.9234175955,390888.074736884,9
12/31/1962 0:00,1962,12,24312.5907892118,390888.074736884,9
3/31/1991 0:00,1991,3,24468.8465241839,426186.539836253,10
11/30/1982 0:00,1982,11,24555.6253732086,579975.31444185,13
6/30/1967 0:00,1967,6,24566.7809389928,439924.875269167,10
3/31/1922 0:00,1922,3,24800.5455563296,407217.156574055,9
1/31/1998 0:00,1998,1,25006.1682673169,1090006.85347036,25
2/29/1992 0:00,1992,2,25168.3726487858,381410.286981441,9
4/30/1954 0:00,1954,4,25215.5392117834,411099.666918056,9
3/31/1930 0:00,1930,3,25223.2346238057,381946.222256258,9
9/30/1967 0:00,1967,9,25350.210763336,428606.821009937,10
12/31/2001 0:00,2001,12,25379.3346188296,411099.666918056,9
9/30/1952 0:00,1952,9,25412.9547919984,411099.666918056,9
6/30/1938 0:00,1938,6,25596.3526696855,471343.24534431,11
6/30/1952 0:00,1952,6,25616.6018983877,487352.813450515,11
4/30/1996 0:00,1996,4,25636.3988853503,455168.683786713,10
9/30/1922 0:00,1922,9,25665.2206782444,419510.448249736,10
9/30/1974 0:00,1974,9,25721.7540306529,387918.851750664,9
3/31/1936 0:00,1936,3,25791.8107085987,455168.683786713,10
9/30/1965 0:00,1965,9,25792.1241167397,387918.851750664,9
6/30/1995 0:00,1995,6,25960.4243008559,440574.960180415,10
2/28/1961 0:00,1961,2,26000.159807922,409999.349411657,9
2/29/1960 0:00,1960,2,26033.0410405056,421151.31003867,10
5/31/1942 0:00,1942,5,26033.4955463774,397739.368818612,9
12/31/1952 0:00,1952,12,26066.4392167596,402181.926776472,9
9/30/1942 0:00,1942,9,26220.4527642317,456256.372426113,10
9/30/1943 0:00,1943,9,26225.2611216162,435303.59481209,10
1/31/1927 0:00,1927,1,26245.0234375,452044.940520919,10
4/30/1978 0:00,1978,4,26316.1425905653,395185.823559763,9
9/30/1995 0:00,1995,9,26365.568359375,461865.457588867,11
9/30/1971 0:00,1971,9,26761.480642914,466308.015546727,11
9/30/1999 0:00,1999,9,26882.3515873806,455156.054919714,10
2/28/1979 0:00,1979,2,26882.6449791003,415421.528079977,10
9/30/1938 0:00,1938,9,26929.6491839172,463419.278246311,11
9/30/1941 0:00,1941,9,27055.1032792596,431097.172424972,10
3/31/1968 0:00,1968,3,27236.4234175955,489981.141023088,11
9/30/1997 0:00,1997,9,27347.1437475119,404269.567452965,9
9/30/1963 0:00,1963,9,27360.6481886943,467327.231595169,11
9/30/1970 0:00,1970,9,27366.0133111067,467327.231595169,11
9/30/1996 0:00,1996,9,27366.0190460788,435539.730382832,10
9/30/1953 0:00,1953,9,27427.6455389132,467327.231595169,11
9/30/1956 0:00,1956,9,27442.5623755971,467327.231595169,11
3/31/1957 0:00,1957,3,27499.2435808121,417814.967256582,10
9/30/1984 0:00,1984,9,27512.6456508758,439094.653556338,10
9/30/1958 0:00,1958,9,27548.1865296576,467327.231595169,11
6/30/1922 0:00,1922,6,27810.2682125796,385451.556423013,9
3/31/1984 0:00,1984,3,28067.0788962978,441488.092732943,10
9/30/1975 0:00,1975,9,28141.4543565884,432267.535243563,10
2/28/1950 0:00,1950,2,28587.1317923965,389662.988328207,9
3/31/1970 0:00,1970,3,28704.2092829419,400733.847497263,9
4/30/1967 0:00,1967,4,28704.7288888336,399714.631448821,9
2/28/1922 0:00,1922,2,28807.3510897691,395272.073490961,9
2/28/1965 0:00,1965,2,29004.0330538416,388562.670821808,9
4/30/1965 0:00,1965,4,29023.851388336,388562.670821808,9
10/31/1962 0:00,1962,10,29278.9084892516,424304.160484569,10
12/31/1998 0:00,1998,12,29331.2186753583,400733.847497263,9
11/30/1981 0:00,1981,11,29750.9965664809,357751.881728335,8
1/31/1936 0:00,1936,1,29999.9773089172,334078.756251974,8
5/31/1956 0:00,1956,5,30011.749825836,416560.638612407,10
3/31/1937 0:00,1937,3,30024.7987161624,424304.160484569,10
3/31/1956 0:00,1956,3,30132.3529682524,419321.887193895,10
12/31/1966 0:00,1966,12,30148.2579369029,412106.633480567,9
4/30/1969 0:00,1969,4,30201.5120173169,357751.881728335,8
4/30/1993 0:00,1993,4,30748.2916003185,358668.285287722,8
12/31/1951 0:00,1951,12,30822.0547870223,335097.972300416,8
5/31/1958 0:00,1958,5,30943.1435857882,358668.285287722,8
2/28/1937 0:00,1937,2,31050.2430334395,351535.871937746,8
1/31/1996 0:00,1996,1,31423.2809763137,346470.75828372,8
3/31/1954 0:00,1954,3,31486.5444118232,344320.18833423,8
5/31/1996 0:00,1996,5,31612.3914709395,357654.380303104,8
1/31/1958 0:00,1958,1,31922.7507464172,344565.30743731,8
5/31/1941 0:00,1941,5,31990.2757513933,380350.503611517,9
2/29/1984 0:00,1984,2,32001.8024233678,344320.18833423,8
3/31/1971 0:00,1971,3,32094.8679587978,343006.429360246,8
4/30/1927 0:00,1927,4,32567.7361166401,354924.483025744,8
3/31/1949 0:00,1949,3,33490.2749054538,380350.503611517,9
4/30/1935 0:00,1935,4,33556.9623805732,344320.18833423,8
4/30/1942 0:00,1942,4,33788.8871168392,380350.503611517,9
2/28/1926 0:00,1926,2,33954.2316878981,380350.503611517,9
1/31/1967 0:00,1967,1,34052.8779856688,343006.429360246,8
2/28/1974 0:00,1974,2,34189.326433121,380350.503611517,9
12/31/1940 0:00,1940,12,34279.5393113057,380350.503611517,9
5/31/1967 0:00,1967,5,34452.6796377389,326091.53553571,7
12/31/1969 0:00,1969,12,34535.2650527468,369973.043158615,8
6/30/1983 0:00,1983,6,34700.3839072452,326091.53553571,7
3/31/1927 0:00,1927,3,34848.730642914,380350.503611517,9
12/31/1941 0:00,1941,12,35106.297397492,326091.53553571,7
12/31/2002 0:00,2002,12,35146.8225019905,265908.854108695,6
1/31/1999 0:00,1999,1,35173.1272890127,326091.53553571,7
5/31/1998 0:00,1998,5,35819.7221835191,315714.075082808,7
4/30/1998 0:00,1998,4,35939.7797571656,326091.53553571,7
5/31/1969 0:00,1969,5,36138.830339371,326091.53553571,7
5/31/2003 0:00,2003,5,36852.2851313694,211649.886032888,5
2/28/1959 0:00,1959,2,36893.1319914411,211649.886032888,5
3/31/1993 0:00,1993,3,37640.5795680732,315714.075082808,7
2/29/1968 0:00,1968,2,37725.780727508,211649.886032888,5
3/31/1989 0:00,1989,3,37921.2621168392,315714.075082808,7
11/30/1950 0:00,1950,11,38553.5729000796,321111.590928855,7
2/28/1945 0:00,1945,2,39006.458548965,347776.082543324,8
1/31/1943 0:00,1943,1,39375.3336733678,233334.433040501,5
3/31/1980 0:00,1980,3,39388.9789759156,712750.423982809,16
1/31/1946 0:00,1946,1,39592.2885897691,211649.886032888,5
3/31/1967 0:00,1967,3,39595.1199741242,233334.433040501,5
3/31/1969 0:00,1969,3,40273.8412868233,233334.433040501,5
12/31/1964 0:00,1964,12,40494.5566530653,233334.433040501,5
1/31/2002 0:00,2002,1,40658.0505075637,233334.433040501,5
4/30/1995 0:00,1995,4,40766.6210191083,233334.433040501,5
12/31/1970 0:00,1970,12,40769.0768809713,233334.433040501,5
2/28/1975 0:00,1975,2,41386.4410828026,734434.970990423,17
1/31/1971 0:00,1971,1,41730.7851313694,734434.970990423,17
2/28/1993 0:00,1993,2,42140.3847034236,233334.433040501,5
2/28/1954 0:00,1954,2,42196.6720242834,734434.970990423,17
2/28/1967 0:00,1967,2,42799.7595292596,734434.970990423,17
2/28/1978 0:00,1978,2,43238.5411524682,734434.970990423,17
2/28/1943 0:00,1943,2,43314.2637340764,734434.970990423,17
3/31/1973 0:00,1973,3,43565.3614649682,734434.970990423,17
5/31/1983 0:00,1983,5,43621.8176751592,734434.970990423,17
1/31/1993 0:00,1993,1,43661.3621118631,734434.970990423,17
4/30/1941 0:00,1941,4,44049.8169536226,734434.970990423,17
2/28/1962 0:00,1962,2,44312.9676054936,734434.970990423,17
12/31/1996 0:00,1996,12,44469.4232434315,841397.88480033,19
3/31/2000 0:00,2000,3,44589.8924412818,594054.5030418,14
12/31/1955 0:00,1955,12,44694.3128234475,736488.262946483,17
1/31/1984 0:00,1984,1,44880.9975617038,736488.262946483,17
11/30/1973 0:00,1973,11,44997.9943023487,849912.291068431,20
4/30/1983 0:00,1983,4,45198.2932921975,736488.262946483,17
5/31/1922 0:00,1922,5,45275.2644804936,736488.262946483,17
5/31/1938 0:00,1938,5,45669.2722929936,736488.262946483,17
1/31/1978 0:00,1978,1,45672.7994625796,851965.583024491,20
2/28/1925 0:00,1925,2,46365.6817774682,736488.262946483,17
4/30/1952 0:00,1952,4,46577.2657742834,900638.666582491,21
2/29/1940 0:00,1940,2,47153.5127886147,736488.262946483,17
2/28/1995 0:00,1995,2,47209.4026174363,594054.5030418,14
3/31/1943 0:00,1943,3,47419.9937300955,736488.262946483,17
3/31/1952 0:00,1952,3,47440.9079667596,736488.262946483,17
2/28/1997 0:00,1997,2,47632.1733429538,851965.583024491,20
6/30/1998 0:00,1998,6,47833.8679090366,900638.666582491,21
1/31/1951 0:00,1951,1,48086.8198148885,697768.536742944,16
4/30/1940 0:00,1940,4,48475.3285479698,851965.583024491,20
4/30/1974 0:00,1974,4,48911.6343550955,851965.583024491,20
4/30/1938 0:00,1938,4,49475.5236614252,851965.583024491,20
12/31/1945 0:00,1945,12,49480.7008359873,697768.536742944,16
11/30/1983 0:00,1983,11,49680.9889530255,697768.536742944,16
12/31/1982 0:00,1982,12,50155.5044785032,813245.856820951,19
5/31/1952 0:00,1952,5,50251.1022840366,813245.856820951,19
5/31/1995 0:00,1995,5,50484.7726910828,813245.856820951,19
3/31/1999 0:00,1999,3,50788.7672173567,813245.856820951,19
3/31/1978 0:00,1978,3,50928.4479000796,813245.856820951,19
1/31/1973 0:00,1973,1,51748.868879379,813245.856820951,19
2/28/1963 0:00,1963,2,52268.3831110669,828597.270231248,19
12/31/1937 0:00,1937,12,52331.5915107484,813245.856820951,19
1/31/1942 0:00,1942,1,52341.3265326433,813245.856820951,19
2/29/1936 0:00,1936,2,52402.3572352707,713119.95015324,16
3/31/1996 0:00,1996,3,52712.5257513933,506661.693280261,12
1/31/1952 0:00,1952,1,52963.3588276274,828597.270231248,19
3/31/1975 0:00,1975,3,53225.8149631768,1953177.93113442,45
1/31/1983 0:00,1983,1,53533.8351413217,1968529.34454472,45
2/28/1951 0:00,1951,2,53958.029558121,1968529.34454472,45
1/31/2003 0:00,2003,1,54342.4508857484,1953177.93113442,45
3/31/1928 0:00,1928,3,54899.8421327627,828597.270231248,19
1/31/1982 0:00,1982,1,55657.0006468949,1968529.34454472,45
12/31/1973 0:00,1973,12,55853.8956757564,1968529.34454472,45
2/29/1952 0:00,1952,2,55977.0075885748,1968529.34454472,45
2/29/2000 0:00,2000,2,56787.9669088376,3163672.74223488,73
3/31/1982 0:00,1982,3,57264.2237012341,1968529.34454472,45
2/29/1956 0:00,1956,2,57874.1348278264,3466861.4724242,80
1/31/1980 0:00,1980,1,58007.2247213376,1903022.0499386,44
3/31/1941 0:00,1941,3,58326.3939341162,3466861.4724242,80
1/31/1969 0:00,1969,1,58373.4732285032,2530413.66620592,58
3/31/1998 0:00,1998,3,58451.7841610271,2530413.66620592,58
2/28/1999 0:00,1999,2,59180.0422472134,3098165.44762876,71
2/28/1970 0:00,1970,2,59963.3860718551,3401354.17781808,78
1/31/1941 0:00,1941,1,60214.0028363854,3401354.17781808,78
2/28/1973 0:00,1973,2,60396.9890525478,3401354.17781808,78
4/30/1958 0:00,1958,4,60437.9989550159,2530413.66620592,58
1/31/1995 0:00,1995,1,60438.2656747612,3401354.17781808,78
1/31/1953 0:00,1953,1,61034.6432872213,8112484.60468183,186
4/30/1963 0:00,1963,4,61162.6250497612,3401354.17781808,78
2/28/1982 0:00,1982,2,61442.2285529459,2645256.8016281,61
3/31/1958 0:00,1958,3,61950.8982882166,3401354.17781808,78
12/31/1950 0:00,1950,12,62213.5276174363,2017865.18536077,46
2/28/1941 0:00,1941,2,62305.1170382166,8112484.60468183,186
2/29/1980 0:00,1980,2,62681.9332205414,3401354.17781808,78
12/31/1981 0:00,1981,12,64881.7910529459,3516197.31324026,81
3/31/1940 0:00,1940,3,64883.377388535,8227327.740104,189
3/31/1974 0:00,1974,3,64915.2239749204,8227327.740104,189
2/28/1998 0:00,1998,2,65877.6308220541,2594918.39758034,60
3/31/1986 0:00,1986,3,66478.9173467357,8227327.740104,189
2/28/1942 0:00,1942,2,67135.5136843153,9331528.79652421,214
2/28/1969 0:00,1969,2,67288.2477607484,8227327.740104,189
1/31/1965 0:00,1965,1,67523.7478105096,8075530.23139117,185
2/29/1996 0:00,1996,2,68562.9420282643,8075530.23139117,185
4/30/1982 0:00,1982,4,68615.2756269905,8075530.23139117,185
1/31/1974 0:00,1974,1,69317.4734275478,9179731.28781139,211
3/31/1938 0:00,1938,3,69415.7510947452,9179731.28781139,211
2/28/1938 0:00,1938,2,69444.4401871019,8075530.23139117,185
2/28/1927 0:00,1927,2,69644.6295780255,8075530.23139117,185
2/28/1958 0:00,1958,2,69738.0158738057,8929183.03582272,205
1/31/1956 0:00,1956,1,71971.5558817675,9314007.09625089,214
2/28/1986 0:00,1986,2,72562.8449442675,9179731.28781139,211
2/28/1983 0:00,1983,2,73223.4343650478,9314007.09625089,214
3/31/1995 0:00,1995,3,73242.7497014331,8716607.22679592,200
1/31/1997 0:00,1997,1,73423.9288913217,8520514.95245048,196
12/31/1983 0:00,1983,12,73986.3229000796,9314007.09625089,214
1/31/1970 0:00,1970,1,75384.5287619427,11037683.6890592,253
3/31/1983 0:00,1983,3,75866.652169586,8654790.76088998,199
